SKU,lanes,best_f_lin_GHz,PerfW_lin_TF/W,RealPF_lin,Power_lin_W,best_f_sq_GHz,PerfW_sq_TF/W,RealPF_sq,Power_sq_W
V1-D_DDR,1,0.3,0.6461812885154062,0.11534336000000002,178.5,0.3,0.9078580086580088,0.11534336000000002,127.05
V1-D_DDR,2,0.3,0.6461812885154062,0.11534336000000002,178.5,0.3,0.9078580086580088,0.11534336000000002,127.05
V1-H_HBM,1,0.55,2.281517010989011,1.03809024,455.0,0.55,3.122075909774436,1.03809024,332.5
V1-H_HBM,2,0.3,3.166137566137566,1.088,343.6363636363636,0.3,4.41475519785379,1.088,246.44628099173553
