Scenario,MAPE_TFSD8(%),RMSE_TFSD8,MAPE_FP8(%),RMSE_FP8,EventRate_TFSD8(%),theta_final,scale
RandomNormal,2.405965,0.040199,2.327936,0.04049,14.3,0.010322,0.012274
Poisson,26857680.806744,0.21312,3.057725,0.215392,14.2,0.054525,0.064838
Sigmoid,2.175632,0.019401,2.205852,0.019598,15.6,0.00384,0.004566
Sine,105037.078106,0.028021,2.397066,0.028219,11.8,0.00584,0.006944
Triangle,501352.598836,0.014753,2.151264,0.01487,12.6,0.003893,0.00463
AbruptJump,2.696782,2.333323,2.528935,2.342502,10.5,0.181622,0.462963
AbruptJump_Interpolated,2.649183,2.323349,2.525065,2.331677,10.6,0.16346,0.462963
